{
  "Please Sign In To Your Account.": "Inicie sesión en su cuenta.",
  "Message": "Mensaje",
  "Remember me": "Recordarme",
  "Forgot Password?": "¿Olvidó su contraseña?",
  "Welcome To": "Bienvenido a",
  "Don’t have account ?": "¿No tiene cuenta?",
  "Sign Up": "Registrarse",
  "Create a new account": "Crear una nueva cuenta",
  "Your first name here": "Su nombre aquí",
  "Your last name here": " Su apellido aquí",
  "Your password here": "Mensaje0",
  "Already have an accoun ?": "Mensaje1",
  "Verify Email": "Mensaje2",
  "Your code here": "Mensaje3",
  "404 not found": "Mensaje4",
  "Confirm": "Mensaje5",
  "Exchange": "Mensaje6",
  "Sign up": "Mensaje7",
  "Buy & Sell Instantly And Hold Cryptocurrency": "Mensaje8",
  "Register Now": "Mensaje9",
  "Market Trend": "Recordarme0",
  "Core Assets": "Recordarme1",
  "24H Gainers": "Recordarme2",
  "New Listings": "Recordarme3",
  "Change (24h)": "Recordarme4",
  "Chart": "Recordarme5",
  "Volume": "Recordarme6",
  "Actions": "Recordarme7",
  "Bitcoin": "Recordarme8",
  "App Store": "Recordarme9",
  "Android APK": "¿Olvidó su contraseña?0",
  "Google Play": "¿Olvidó su contraseña?1",
  "MacOS": "¿Olvidó su contraseña?2",
  "Windows": "¿Olvidó su contraseña?3",
  "Linux": "¿Olvidó su contraseña?4",
  "API": "¿Olvidó su contraseña?5",
  "More Download Options": "¿Olvidó su contraseña?6",
  "Know More": "¿Olvidó su contraseña?7",
  "Start trading now": "¿Olvidó su contraseña?8",
  "Trade Now": "¿Olvidó su contraseña?9",
  "Products": "Bienvenido a0",
  "Home": "Bienvenido a1",
  "Feature": "Bienvenido a2",
  "Integrations": "Bienvenido a3",
  "About": "Bienvenido a4",
  "Service": "Bienvenido a5",
  "Support": "Bienvenido a6",
  "Community": "Bienvenido a7",
  "TradexPro": "Bienvenido a8",
  "Tradexpro exchange is such a marketplace where people can trade directly with each other.": "Bienvenido a9",
  "Show": "¿No tiene cuenta?0",
  "entries": "¿No tiene cuenta?1",
  "Search": "¿No tiene cuenta?2",
  "Base Coin": "¿No tiene cuenta?3",
  "Trade Coin": "¿No tiene cuenta?4",
  "Status": "¿No tiene cuenta?5"
}